id,name
1,Client_1
2,Client_2
3,Client_3
4,Client_4
5,Client_5
6,Client_6
7,Client_7
8,Client_8
9,Client_9
10,Client_10
11,Client_11
12,Client_12
13,Client_13
14,Client_14
15,Client_15
16,Client_16
17,Client_17
18,Client_18
19,Client_19
20,Client_20
21,Client_21
22,Client_22
23,Client_23
24,Client_24
25,Client_25
26,Client_26
27,Client_27
28,Client_28
29,Client_29
30,Client_30
31,Client_31
32,Client_32
33,Client_33
34,Client_34
35,Client_35
36,Client_36
37,Client_37
38,Client_38
39,Client_39
40,Client_40
41,Client_41
42,Client_42
43,Client_43
44,Client_44
45,Client_45
46,Client_46
47,Client_47
48,Client_48
49,Client_49
50,Client_50
